{
  "baseline": {
    "overall_accuracy": 0.3333333333333333,
    "total_examples": 18,
    "correct_predictions": 6,
    "cwe_metrics": {
      "CWE-22": {
        "total": 3,
        "correct": 2,
        "reasoning_scores": [
          0.375,
          0.125,
          0.25
        ],
        "accuracy": 0.6666666666666666,
        "avg_reasoning": 0.25
      },
      "CWE-77": {
        "total": 3,
        "correct": 1,
        "reasoning_scores": [
          0.125,
          0.5416666666666666,
          0.125
        ],
        "accuracy": 0.3333333333333333,
        "avg_reasoning": 0.2638888888888889
      },
      "CWE-190": {
        "total": 3,
        "correct": 0,
        "reasoning_scores": [
          0.125,
          0.125,
          0.0
        ],
        "accuracy": 0.0,
        "avg_reasoning": 0.08333333333333333
      },
      "CWE-416": {
        "total": 3,
        "correct": 3,
        "reasoning_scores": [
          0.25,
          0.3333333333333333,
          0.3333333333333333
        ],
        "accuracy": 1.0,
        "avg_reasoning": 0.3055555555555555
      },
      "CWE-476": {
        "total": 3,
        "correct": 0,
        "reasoning_scores": [
          0.25,
          0.0,
          0.125
        ],
        "accuracy": 0.0,
        "avg_reasoning": 0.125
      },
      "CWE-787": {
        "total": 3,
        "correct": 0,
        "reasoning_scores": [
          0.0,
          0.125,
          0.0
        ],
        "accuracy": 0.0,
        "avg_reasoning": 0.041666666666666664
      }
    },
    "avg_reasoning_quality": 0.17824074074074073
  },
  "steering_cwe-22": {
    "overall_accuracy": 0.3333333333333333,
    "total_examples": 3,
    "correct_predictions": 1,
    "cwe_metrics": {
      "CWE-22": {
        "total": 3,
        "correct": 1,
        "reasoning_scores": [
          0.375,
          0.25,
          0.125
        ],
        "accuracy": 0.3333333333333333,
        "avg_reasoning": 0.25
      }
    },
    "avg_reasoning_quality": 0.25
  },
  "steering_cwe-77": {
    "overall_accuracy": 0.3333333333333333,
    "total_examples": 3,
    "correct_predictions": 1,
    "cwe_metrics": {
      "CWE-77": {
        "total": 3,
        "correct": 1,
        "reasoning_scores": [
          0.25,
          0.08333333333333333,
          0.125
        ],
        "accuracy": 0.3333333333333333,
        "avg_reasoning": 0.15277777777777776
      }
    },
    "avg_reasoning_quality": 0.15277777777777776
  },
  "steering_cwe-190": {
    "overall_accuracy": 0.0,
    "total_examples": 3,
    "correct_predictions": 0,
    "cwe_metrics": {
      "CWE-190": {
        "total": 3,
        "correct": 0,
        "reasoning_scores": [
          0.125,
          0.125,
          0.0
        ],
        "accuracy": 0.0,
        "avg_reasoning": 0.08333333333333333
      }
    },
    "avg_reasoning_quality": 0.08333333333333333
  },
  "steering_cwe-476": {
    "overall_accuracy": 0.0,
    "total_examples": 3,
    "correct_predictions": 0,
    "cwe_metrics": {
      "CWE-476": {
        "total": 3,
        "correct": 0,
        "reasoning_scores": [
          0.0,
          0.0,
          0.125
        ],
        "accuracy": 0.0,
        "avg_reasoning": 0.041666666666666664
      }
    },
    "avg_reasoning_quality": 0.041666666666666664
  }
}