{
  "sql_injection": {
    "0.0": 0.0,
    "0.5": 0.0,
    "1.0": 0.3333333333333333
  },
  "xss": {
    "0.0": 0.0,
    "0.5": 0.0,
    "1.0": 0.3333333333333333
  },
  "path_traversal": {
    "0.0": 0.0,
    "0.5": 0.0,
    "1.0": 0.0
  },
  "command_injection": {
    "0.0": 0.0,
    "0.5": 0.0,
    "1.0": 0.0
  },
  "buffer_overflow": {
    "0.0": 0.0,
    "0.5": 0.0,
    "1.0": 0.0
  },
  "use_after_free": {
    "0.0": 0.3333333333333333,
    "0.5": 0.6666666666666666,
    "1.0": 0.3333333333333333
  },
  "integer_overflow": {
    "0.0": 0.0,
    "0.5": 0.0,
    "1.0": 0.0
  },
  "hardcoded_credentials": {
    "0.0": 1.0,
    "0.5": 1.0,
    "1.0": 1.0
  }
}